net name,experiment name,weighted error
egg-fullsize-pt-presample-compare-2021-03-23_retrain_14__FCRN_A_NZXT-U_2021-04-12 21-33-26.779784_150epochs,batch34-fcrn-small-dataset-mae-loss-300epochs-start-from-batch30\task5-robert-errors,3.26103025713004
egg-fullsize-pt-presample-compare-2021-03-23_retrain_25__FCRN_A_Yang-Lab-Dell8_2021-04-13 00-00-16.547471_150epochs,batch34-fcrn-small-dataset-mae-loss-300epochs-start-from-batch30\task5-robert-errors,3.9938377161923846
egg-fullsize-pt-presample-compare-2021-03-23_retrain_24__FCRN_A_Yang-Lab-Dell8_2021-04-13 01-54-39.451548_150epochs,batch34-fcrn-small-dataset-mae-loss-300epochs-start-from-batch30\task5-robert-errors,3.446076322879156
egg-fullsize-pt-presample-compare-2021-03-23_retrain_22__FCRN_A_Yang-Lab-Dell8_2021-04-13 04-46-07.858146_150epochs,batch34-fcrn-small-dataset-mae-loss-300epochs-start-from-batch30\task5-robert-errors,4.103790732290546
egg-fullsize-pt-presample-compare-2021-03-23_retrain_21__FCRN_A_Yang-Lab-Dell8_2021-04-12 19-14-14.533570_150epochs,batch34-fcrn-small-dataset-mae-loss-300epochs-start-from-batch30\task5-robert-errors,5.030208438372171
egg-fullsize-pt-presample-compare-2021-03-23_retrain_3__FCRN_A_Yang-Lab-Dell8_2021-04-12 13-59-28.060373_150epochs,batch34-fcrn-small-dataset-mae-loss-300epochs-start-from-batch30\task5-robert-errors,3.7778512041997843
egg-fullsize-pt-presample-compare-2021-03-23_retrain_17__FCRN_A_Yang-Lab-Dell3_2021-04-13 06-29-41.496743_150epochs,batch34-fcrn-small-dataset-mae-loss-300epochs-start-from-batch30\task5-robert-errors,3.9234709200227167
egg-fullsize-pt-presample-compare-2021-03-23_retrain_23__FCRN_A_Yang-Lab-Dell3_2021-04-13 03-18-58.049840_150epochs,batch34-fcrn-small-dataset-mae-loss-300epochs-start-from-batch30\task5-robert-errors,3.4363422900929512
egg-fullsize-pt-presample-compare-2021-03-23_retrain_20__FCRN_A_Yang-Lab-Dell8_2021-04-12 23-03-05.519903_150epochs,batch34-fcrn-small-dataset-mae-loss-300epochs-start-from-batch30\task5-robert-errors,2.98915982418381
egg-fullsize-pt-presample-compare-2021-03-23_retrain_13__FCRN_A_Yang-Lab-Dell3_2021-04-12 20-54-12.438385_150epochs,batch34-fcrn-small-dataset-mae-loss-300epochs-start-from-batch30\task5-robert-errors,3.8864634367205633
egg-fullsize-pt-presample-compare-2021-03-23_retrain_8__FCRN_A_NZXT-U_2021-04-13 04-48-37.502124_150epochs,batch34-fcrn-small-dataset-mae-loss-300epochs-start-from-batch30\task5-robert-errors,4.021029851442818
egg-fullsize-pt-presample-compare-2021-03-23_retrain_4__FCRN_A_Yang-Lab-Dell3_2021-04-13 00-06-40.695950_150epochs,batch34-fcrn-small-dataset-mae-loss-300epochs-start-from-batch30\task5-robert-errors,3.015544294494525
egg-fullsize-pt-presample-compare-2021-03-23_retrain_19__FCRN_A_Yang-Lab-Dell8_2021-04-13 03-48-53.817400_150epochs,batch34-fcrn-small-dataset-mae-loss-300epochs-start-from-batch30\task5-robert-errors,2.9031207368673537
egg-fullsize-pt-presample-compare-2021-03-23_retrain_18__FCRN_A_Yang-Lab-Dell8_2021-04-13 00-57-29.049529_150epochs,batch34-fcrn-small-dataset-mae-loss-300epochs-start-from-batch30\task5-robert-errors,4.103110418663079
egg-fullsize-pt-presample-compare-2021-03-23_retrain_1__FCRN_A_Yang-Lab-Dell8_2021-04-12 20-11-27.755189_150epochs,batch34-fcrn-small-dataset-mae-loss-300epochs-start-from-batch30\task5-robert-errors,4.145856836399148
egg-fullsize-pt-presample-compare-2021-03-23_retrain_11__FCRN_A_Yang-Lab-Dell4_2021-04-12 17-44-39.412314_150epochs,batch34-fcrn-small-dataset-mae-loss-300epochs-start-from-batch30\task5-robert-errors,4.41615576164727
egg-fullsize-pt-presample-compare-2021-03-23_retrain_9__FCRN_A_Yang-Lab-Dell4_2021-04-13 00-24-52.298362_150epochs,batch34-fcrn-small-dataset-mae-loss-300epochs-start-from-batch30\task5-robert-errors,4.232575607635043
egg-fullsize-pt-presample-compare-2021-03-23_retrain_6__FCRN_A_Yang-Lab-Dell4_2021-04-13 03-44-58.311905_150epochs,batch34-fcrn-small-dataset-mae-loss-300epochs-start-from-batch30\task5-robert-errors,3.3696527215951435
egg-fullsize-pt-presample-compare-2021-03-23_retrain_5__FCRN_A_Yang-Lab-Dell4_2021-04-12 21-04-43.875908_150epochs,batch34-fcrn-small-dataset-mae-loss-300epochs-start-from-batch30\task5-robert-errors,3.9699496331549184
egg-fullsize-pt-presample-compare-2021-03-23_retrain_0__FCRN_A_Yang-Lab-Dell3_2021-04-12 17-40-31.783844_150epochs,batch34-fcrn-small-dataset-mae-loss-300epochs-start-from-batch30\task5-robert-errors,3.6779524740415357
egg-fullsize-pt-presample-compare-2021-03-23_retrain_15__FCRN_A_Yang-Lab-Dell4_2021-04-13 07-04-59.390711_150epochs,batch34-fcrn-small-dataset-mae-loss-300epochs-start-from-batch30\task5-robert-errors,3.3273202321916395
egg-fullsize-pt-presample-compare-2021-03-23_retrain_10__FCRN_A_Yang-Lab-Dell8_2021-04-12 22-05-50.891427_150epochs,batch34-fcrn-small-dataset-mae-loss-300epochs-start-from-batch30\task5-robert-errors,4.083953571920922
egg-fullsize-pt-presample-compare-2021-03-23_retrain_2__FCRN_A_NZXT-U_2021-04-12 17-55-31.813718_150epochs,batch34-fcrn-small-dataset-mae-loss-300epochs-start-from-batch30\task5-robert-errors,3.8469362065562738
egg-fullsize-pt-presample-compare-2021-03-23_FCRN_A_Yang-Lab-Dell8_2021-04-29 19-42-41.821728_300epochs,batch40-fcrn-small-dataset-mae-300epchs-elastic-deform-redo\task5-robert-errors,5.538649935976147
egg-fullsize-pt-presample-compare-2021-03-23_FCRN_A_Yang-Lab-Dell8_2021-04-30 02-27-15.699965_300epochs,batch40-fcrn-small-dataset-mae-300epchs-elastic-deform-redo\task5-robert-errors,5.486281048071134
egg-fullsize-pt-presample-compare-2021-03-23_FCRN_A_Yang-Lab-Dell4_2021-04-29 13-08-14.021792_300epochs,batch40-fcrn-small-dataset-mae-300epchs-elastic-deform-redo\task5-robert-errors,5.881037371463372
egg-fullsize-pt-presample-compare-2021-03-23_FCRN_A_Yang-Lab-Dell3_2021-04-29 13-12-31.691942_300epochs,batch40-fcrn-small-dataset-mae-300epchs-elastic-deform-redo\task5-robert-errors,5.155199565998651
egg-fullsize-pt-presample-compare-2021-03-23_FCRN_A_Yang-Lab-Dell8_2021-04-29 12-58-37.538646_300epochs,batch40-fcrn-small-dataset-mae-300epchs-elastic-deform-redo\task5-robert-errors,4.675554680976555
egg-fullsize-pt-presample-compare-2021-03-23_FCRN_A_Yang-Lab-Dell2_2021-04-29 13-06-07.996193_300epochs,batch40-fcrn-small-dataset-mae-300epchs-elastic-deform-redo\task5-robert-errors,3.566697686499997
egg-fullsize-pt-presample-compare-2021-03-23_FCRN_A_Yang-Lab-Dell4_2021-05-02 07-27-35.851945_300epochs,batch41-fcrn-small-dataset-mae-300epchs-elasdeform-sigma0\task5-robert-errors,4.104905909372504
egg-fullsize-pt-presample-compare-2021-03-23_FCRN_A_Yang-Lab-Dell8_2021-05-01 14-08-15.597701_300epochs,batch41-fcrn-small-dataset-mae-300epchs-elasdeform-sigma0\task5-robert-errors,5.269812782985567
egg-fullsize-pt-presample-compare-2021-03-23_FCRN_A_NZXT-U_2021-04-30 17-59-24.738864_300epochs,batch41-fcrn-small-dataset-mae-300epchs-elasdeform-sigma0\task5-robert-errors,4.52071754977256
egg-fullsize-pt-presample-compare-2021-03-23_FCRN_A_Yang-Lab-Dell4_2021-05-01 18-59-01.959118_300epochs,batch41-fcrn-small-dataset-mae-300epchs-elasdeform-sigma0\task5-robert-errors,4.555649388196813
egg-fullsize-pt-presample-compare-2021-03-23_FCRN_A_NZXT-U_2021-05-01 17-45-17.562582_300epochs,batch41-fcrn-small-dataset-mae-300epchs-elasdeform-sigma0\task5-robert-errors,4.652348738543414
egg-fullsize-pt-presample-compare-2021-03-23_FCRN_A_Yang-Lab-Dell3_2021-05-01 18-41-36.478880_300epochs,batch41-fcrn-small-dataset-mae-300epchs-elasdeform-sigma0\task5-robert-errors,6.034335826149113
egg-fullsize-pt-presample-compare-2021-03-23_FCRN_A_Yang-Lab-Dell8_2021-05-01 07-24-14.154471_300epochs,batch41-fcrn-small-dataset-mae-300epchs-elasdeform-sigma0\task5-robert-errors,3.851218295743664
egg-fullsize-pt-presample-compare-2021-03-23_FCRN_A_Yang-Lab-Dell8_2021-05-01 20-51-16.689872_300epochs,batch41-fcrn-small-dataset-mae-300epchs-elasdeform-sigma0\task5-robert-errors,5.795045973180708
egg-fullsize-pt-presample-compare-2021-03-23_FCRN_A_Yang-Lab-Dell8_2021-05-02 23-45-44.712869_300epochs,batch41-fcrn-small-dataset-mae-300epchs-elasdeform-sigma0\task5-robert-errors,5.403850652862443
egg-fullsize-pt-presample-compare-2021-03-23_FCRN_A_Yang-Lab-Dell8_2021-05-02 17-02-15.575267_300epochs,batch41-fcrn-small-dataset-mae-300epchs-elasdeform-sigma0\task5-robert-errors,5.042629482783397
egg-fullsize-pt-presample-compare-2021-03-23_FCRN_A_Yang-Lab-Dell3_2021-04-30 18-01-54.043537_300epochs,batch41-fcrn-small-dataset-mae-300epchs-elasdeform-sigma0\task5-robert-errors,6.1331193379086
egg-fullsize-pt-presample-compare-2021-03-23_FCRN_A_Yang-Lab-Dell8_2021-04-30 17-55-07.566877_300epochs,batch41-fcrn-small-dataset-mae-300epchs-elasdeform-sigma0\task5-robert-errors,5.876656176418692
egg-fullsize-pt-presample-compare-2021-03-23_FCRN_A_Yang-Lab-Dell3_2021-05-01 06-21-18.679017_300epochs,batch41-fcrn-small-dataset-mae-300epchs-elasdeform-sigma0\task5-robert-errors,3.8575493696742282
egg-fullsize-pt-presample-compare-2021-03-23_FCRN_A_Yang-Lab-Dell3_2021-05-02 07-01-24.488179_300epochs,batch41-fcrn-small-dataset-mae-300epchs-elasdeform-sigma0\task5-robert-errors,7.167681122566118
egg-fullsize-pt-presample-compare-2021-03-23_FCRN_A_NZXT-U_2021-05-01 05-52-58.105076_300epochs,batch41-fcrn-small-dataset-mae-300epchs-elasdeform-sigma0\task5-robert-errors,5.489410920284618
egg-fullsize-pt-presample-compare-2021-03-23_FCRN_A_NZXT-U_2021-05-02 17-32-42.301259_300epochs,batch41-fcrn-small-dataset-mae-300epchs-elasdeform-sigma0\task5-robert-errors,7.694951113733163
egg-fullsize-pt-presample-compare-2021-03-23_FCRN_A_Yang-Lab-Dell4_2021-05-01 06-28-19.056697_300epochs,batch41-fcrn-small-dataset-mae-300epchs-elasdeform-sigma0\task5-robert-errors,4.365285545038241
egg-fullsize-pt-presample-compare-2021-03-23_FCRN_A_NZXT-U_2021-05-02 05-38-51.339255_300epochs,batch41-fcrn-small-dataset-mae-300epchs-elasdeform-sigma0\task5-robert-errors,4.844602231676961
egg-fullsize-pt-presample-compare-2021-03-23_FCRN_A_Yang-Lab-Dell8_2021-05-02 10-18-11.803718_300epochs,batch41-fcrn-small-dataset-mae-300epchs-elasdeform-sigma0\task5-robert-errors,5.013039769347291
egg-fullsize-pt-presample-compare-2021-03-23_FCRN_A_Yang-Lab-Dell4_2021-04-30 17-57-38.067329_300epochs,batch41-fcrn-small-dataset-mae-300epchs-elasdeform-sigma0\task5-robert-errors,4.482323193845867
egg-fullsize-pt-presample-compare-2021-03-23_FCRN_A_Yang-Lab-Dell8_2021-05-02 03-35-19.456452_300epochs,batch41-fcrn-small-dataset-mae-300epchs-elasdeform-sigma0\task5-robert-errors,5.748877201057071
egg-fullsize-pt-presample-compare-2021-03-23_FCRN_A_Yang-Lab-Dell2_2021-04-30 17-56-19.895130_300epochs,batch41-fcrn-small-dataset-mae-300epchs-elasdeform-sigma0\task5-robert-errors,4.045769868721324
egg-fullsize-pt-presample-compare-2021-03-23_FCRN_A_Yang-Lab-Dell8_2021-05-01 00-40-13.415408_300epochs,batch41-fcrn-small-dataset-mae-300epchs-elasdeform-sigma0\task5-robert-errors,3.003327484000215
egg-fullsize-pt-presample-compare-2021-03-23_FCRN_A_Yang-Lab-Dell4_2021-05-02 19-55-10.178883_300epochs,batch41-fcrn-small-dataset-mae-300epchs-elasdeform-sigma0\task5-robert-errors,6.186526213368058
egg-fullsize-pt-presample-compare-2021-03-23_FCRN_A_Yang-Lab-Dell8_2021-05-05 18-05-05.726338_300epochs,batch43-fcrn-small-dataset-mae-300epchs-0.9to1.1RangeZoom\task5-robert-errors,3.8132760241898316
egg-fullsize-pt-presample-compare-2021-03-23_FCRN_A_Yang-Lab-Dell8_2021-05-05 22-45-02.759633_300epochs,batch43-fcrn-small-dataset-mae-300epchs-0.9to1.1RangeZoom\task5-robert-errors,3.725728751137292
egg-fullsize-pt-presample-compare-2021-03-23_FCRN_A_Yang-Lab-Dell8_2021-05-05 13-24-47.934784_300epochs,batch43-fcrn-small-dataset-mae-300epchs-0.9to1.1RangeZoom\task5-robert-errors,4.522416819735095
egg-fullsize-pt-presample-compare-2021-03-23_FCRN_A_Yang-Lab-Dell3_2021-05-05 20-07-58.834495_300epochs,batch43-fcrn-small-dataset-mae-300epchs-0.9to1.1RangeZoom\task5-robert-errors,3.12125463668587
egg-fullsize-pt-presample-compare-2021-03-23_FCRN_A_Yang-Lab-Dell4_2021-05-05 13-31-13.231476_300epochs,batch43-fcrn-small-dataset-mae-300epchs-0.9to1.1RangeZoom\task5-robert-errors,4.550786992303505
egg-fullsize-pt-presample-compare-2021-03-23_FCRN_A_Yang-Lab-Dell8_2021-05-05 20-24-42.112311_300epochs,batch43-fcrn-small-dataset-mae-300epchs-0.9to1.1RangeZoom\task5-robert-errors,3.5381215463138607
egg-fullsize-pt-presample-compare-2021-03-23_FCRN_A_NZXT-U_2021-05-05 13-28-04.593579_300epochs,batch43-fcrn-small-dataset-mae-300epchs-0.9to1.1RangeZoom\task5-robert-errors,4.2244897366375875
egg-fullsize-pt-presample-compare-2021-03-23_FCRN_A_Yang-Lab-Dell8_2021-05-06 05-45-47.752921_300epochs,batch43-fcrn-small-dataset-mae-300epchs-0.9to1.1RangeZoom\task5-robert-errors,3.6915960519895394
egg-fullsize-pt-presample-compare-2021-03-23_FCRN_A_Yang-Lab-Dell3_2021-05-06 02-39-38.239370_300epochs,batch43-fcrn-small-dataset-mae-300epchs-0.9to1.1RangeZoom\task5-robert-errors,4.669002776263298
egg-fullsize-pt-presample-compare-2021-03-23_FCRN_A_Yang-Lab-Dell8_2021-05-05 15-44-41.159288_300epochs,batch43-fcrn-small-dataset-mae-300epchs-0.9to1.1RangeZoom\task5-robert-errors,3.4748320109468516
egg-fullsize-pt-presample-compare-2021-03-23_FCRN_A_Yang-Lab-Dell8_2021-05-06 03-25-33.220088_300epochs,batch43-fcrn-small-dataset-mae-300epchs-0.9to1.1RangeZoom\task5-robert-errors,3.085319643030079
egg-fullsize-pt-presample-compare-2021-03-23_FCRN_A_Yang-Lab-Dell8_2021-05-06 01-05-59.460457_300epochs,batch43-fcrn-small-dataset-mae-300epchs-0.9to1.1RangeZoom\task5-robert-errors,3.0237430660072966
egg-fullsize-pt-presample-compare-2021-03-23_FCRN_A_Yang-Lab-Dell3_2021-05-05 13-35-17.605824_300epochs,batch43-fcrn-small-dataset-mae-300epchs-0.9to1.1RangeZoom\task5-robert-errors,4.636716247836281
egg-fullsize-pt-presample-compare-2021-03-23_FCRN_A_Yang-Lab-Dell2_2021-05-05 13-29-44.843957_300epochs,batch43-fcrn-small-dataset-mae-300epchs-0.9to1.1RangeZoom\task5-robert-errors,3.8246174181230503
egg-fullsize-pt-presample-compare-2021-03-23_FCRN_A_Yang-Lab-Dell8_2021-05-06 22-15-08.790702_300epochs,batch44-fcrn-small-dataset-mae-300epchs-0.85to1.15RangeZoom\task5-robert-errors,3.0170693998639995
egg-fullsize-pt-presample-compare-2021-03-23_FCRN_A_NZXT-U_2021-05-06 17-35-19.359741_300epochs,batch44-fcrn-small-dataset-mae-300epchs-0.85to1.15RangeZoom\task5-robert-errors,4.254324393858852
egg-fullsize-pt-presample-compare-2021-03-23_FCRN_A_Yang-Lab-Dell4_2021-05-07 00-13-14.326690_300epochs,batch44-fcrn-small-dataset-mae-300epchs-0.85to1.15RangeZoom\task5-robert-errors,4.0353234030705725
egg-fullsize-pt-presample-compare-2021-03-23_FCRN_A_Yang-Lab-Dell8_2021-05-06 17-34-31.240851_300epochs,batch44-fcrn-small-dataset-mae-300epchs-0.85to1.15RangeZoom\task5-robert-errors,4.237565027378496
egg-fullsize-pt-presample-compare-2021-03-23_FCRN_A_Yang-Lab-Dell3_2021-05-06 10-41-57.637886_300epochs,batch44-fcrn-small-dataset-mae-300epchs-0.85to1.15RangeZoom\task5-robert-errors,5.239360944972999
egg-fullsize-pt-presample-compare-2021-03-23_FCRN_A_Yang-Lab-Dell8_2021-05-07 07-35-05.509952_300epochs,batch44-fcrn-small-dataset-mae-300epchs-0.85to1.15RangeZoom\task5-robert-errors,3.7376405295714377
egg-fullsize-pt-presample-compare-2021-03-23_FCRN_A_NZXT-U_2021-05-07 00-43-31.946329_300epochs,batch44-fcrn-small-dataset-mae-300epchs-0.85to1.15RangeZoom\task5-robert-errors,4.793290732096916
egg-fullsize-pt-presample-compare-2021-03-23_FCRN_A_Yang-Lab-Dell8_2021-05-07 05-15-17.979259_300epochs,batch44-fcrn-small-dataset-mae-300epchs-0.85to1.15RangeZoom\task5-robert-errors,3.6565209438893835
egg-fullsize-pt-presample-compare-2021-03-23_FCRN_A_Yang-Lab-Dell2_2021-05-06 10-36-32.797093_300epochs,batch44-fcrn-small-dataset-mae-300epchs-0.85to1.15RangeZoom\task5-robert-errors,4.013823855925783
egg-fullsize-pt-presample-compare-2021-03-23_FCRN_A_Yang-Lab-Dell8_2021-05-07 02-54-41.865867_300epochs,batch44-fcrn-small-dataset-mae-300epchs-0.85to1.15RangeZoom\task5-robert-errors,4.340839839622278
egg-fullsize-pt-presample-compare-2021-03-23_FCRN_A_Yang-Lab-Dell8_2021-05-06 10-33-27.048159_300epochs,batch44-fcrn-small-dataset-mae-300epchs-0.85to1.15RangeZoom\task5-robert-errors,3.9242596305799933
egg-fullsize-pt-presample-compare-2021-03-23_FCRN_A_Yang-Lab-Dell8_2021-05-06 19-54-18.888422_300epochs,batch44-fcrn-small-dataset-mae-300epchs-0.85to1.15RangeZoom\task5-robert-errors,5.882361799246469
egg-fullsize-pt-presample-compare-2021-03-23_FCRN_A_Yang-Lab-Dell4_2021-05-06 17-25-47.297881_300epochs,batch44-fcrn-small-dataset-mae-300epchs-0.85to1.15RangeZoom\task5-robert-errors,4.029899833938139
egg-fullsize-pt-presample-compare-2021-03-23_FCRN_A_Yang-Lab-Dell3_2021-05-06 17-13-15.401589_300epochs,batch44-fcrn-small-dataset-mae-300epchs-0.85to1.15RangeZoom\task5-robert-errors,4.308687686365765
egg-fullsize-pt-presample-compare-2021-03-23_FCRN_A_Yang-Lab-Dell8_2021-05-07 00-34-56.495675_300epochs,batch44-fcrn-small-dataset-mae-300epchs-0.85to1.15RangeZoom\task5-robert-errors,2.858955154925092
egg-fullsize-pt-presample-compare-2021-03-23_FCRN_A_Yang-Lab-Dell8_2021-05-06 15-14-31.244228_300epochs,batch44-fcrn-small-dataset-mae-300epchs-0.85to1.15RangeZoom\task5-robert-errors,3.5497304361925934
egg-fullsize-pt-presample-compare-2021-03-23_FCRN_A_Yang-Lab-Dell3_2021-05-06 23-45-54.489961_300epochs,batch44-fcrn-small-dataset-mae-300epchs-0.85to1.15RangeZoom\task5-robert-errors,4.375964889081315
egg-fullsize-pt-presample-compare-2021-03-23_FCRN_A_Yang-Lab-Dell8_2021-05-06 12-54-00.470171_300epochs,batch44-fcrn-small-dataset-mae-300epchs-0.85to1.15RangeZoom\task5-robert-errors,4.126812291369239
egg-fullsize-pt-presample-compare-2021-03-23_FCRN_A_Yang-Lab-Dell4_2021-05-06 10-38-04.322568_300epochs,batch44-fcrn-small-dataset-mae-300epchs-0.85to1.15RangeZoom\task5-robert-errors,4.19915641997773
egg-fullsize-pt-presample-compare-2021-03-23_FCRN_A_Yang-Lab-Dell8_2021-05-14 01-41-24.457058_300epochs,batch45-fcrn-small-dataset-dualLossFunction-zoom0.9to1.1\task5-robert-errors,5.211729001067024
egg-fullsize-pt-presample-compare-2021-03-23_FCRN_A_Yang-Lab-Dell8_2021-05-13 20-59-57.598062_300epochs,batch45-fcrn-small-dataset-dualLossFunction-zoom0.9to1.1\task5-robert-errors,4.41889174204362
egg-fullsize-pt-presample-compare-2021-03-23_FCRN_A_Yang-Lab-Dell8_2021-05-14 12-33-54.090014_300epochs,batch45-fcrn-small-dataset-dualLossFunction-zoom0.9to1.1\task5-robert-errors,5.056706684028873
egg-fullsize-pt-presample-compare-2021-03-23_FCRN_A_Yang-Lab-Dell4_2021-05-13 14-11-33.260426_300epochs,batch45-fcrn-small-dataset-dualLossFunction-zoom0.9to1.1\task5-robert-errors,3.963856087075679
egg-fullsize-pt-presample-compare-2021-03-23_FCRN_A_Yang-Lab-Dell4_2021-05-13 21-00-53.678893_300epochs,batch45-fcrn-small-dataset-dualLossFunction-zoom0.9to1.1\task5-robert-errors,3.348965987387223
egg-fullsize-pt-presample-compare-2021-03-23_FCRN_A_Yang-Lab-Dell2_2021-05-13 14-09-58.785200_300epochs,batch45-fcrn-small-dataset-dualLossFunction-zoom0.9to1.1\task5-robert-errors,4.635648960608097
egg-fullsize-pt-presample-compare-2021-03-23_FCRN_A_Yang-Lab-Dell8_2021-05-13 16-18-14.052381_300epochs,batch45-fcrn-small-dataset-dualLossFunction-zoom0.9to1.1\task5-robert-errors,3.7667460418322647
egg-fullsize-pt-presample-compare-2021-03-23_FCRN_A_Yang-Lab-Dell3_2021-05-13 20-43-21.142671_300epochs,batch45-fcrn-small-dataset-dualLossFunction-zoom0.9to1.1\task5-robert-errors,3.6486654069075444
egg-fullsize-pt-presample-compare-2021-03-23_FCRN_A_NZXT-U_2021-05-13 21-15-07.914486_300epochs,batch45-fcrn-small-dataset-dualLossFunction-zoom0.9to1.1\task5-robert-errors,4.723904994744554
egg-fullsize-pt-presample-compare-2021-03-23_FCRN_A_Yang-Lab-Dell3_2021-05-13 14-10-50.451863_300epochs,batch45-fcrn-small-dataset-dualLossFunction-zoom0.9to1.1\task5-robert-errors,3.7699522421295417
egg-fullsize-pt-presample-compare-2021-03-23_FCRN_A_Yang-Lab-Dell8_2021-05-13 23-20-52.161745_300epochs,batch45-fcrn-small-dataset-dualLossFunction-zoom0.9to1.1\task5-robert-errors,2.8988145887766414
egg-fullsize-pt-presample-compare-2021-03-23_FCRN_A_NZXT-U_2021-05-13 14-05-56.529798_300epochs,batch45-fcrn-small-dataset-dualLossFunction-zoom0.9to1.1\task5-robert-errors,4.319292285224353
egg-fullsize-pt-presample-compare-2021-03-23_FCRN_A_Yang-Lab-Dell8_2021-05-14 06-23-12.840429_300epochs,batch45-fcrn-small-dataset-dualLossFunction-zoom0.9to1.1\task5-robert-errors,4.231742273274894
egg-fullsize-pt-presample-compare-2021-03-23_FCRN_A_Yang-Lab-Dell8_2021-05-13 13-57-07.847867_300epochs,batch45-fcrn-small-dataset-dualLossFunction-zoom0.9to1.1\task5-robert-errors,4.874652455607545
egg-fullsize-pt-presample-compare-2021-03-23_FCRN_A_Yang-Lab-Dell8_2021-05-14 04-02-26.300261_300epochs,batch45-fcrn-small-dataset-dualLossFunction-zoom0.9to1.1\task5-robert-errors,3.743959933811621
egg-fullsize-pt-presample-compare-2021-03-23_FCRN_A_Yang-Lab-Dell8_2021-05-13 18-38-47.234333_300epochs,batch45-fcrn-small-dataset-dualLossFunction-zoom0.9to1.1\task5-robert-errors,4.091167273789288
egg-fullsize-pt-presample-compare-2021-03-23_FCRN_A_Yang-Lab-Dell3_2021-05-14 03-14-28.262854_300epochs,batch45-fcrn-small-dataset-dualLossFunction-zoom0.9to1.1\task5-robert-errors,4.3220211222186204
egg-fullsize-pt-presample-compare-2021-03-23_FCRN_A_Yang-Lab-Dell8_2021-05-14 15-52-31.735397_300epochs,batch47-fcrn-small-dataset-switch-loss-pixel-wise-to-egg-count-at-150\task5-robert-errors,3.308020856990591
egg-fullsize-pt-presample-compare-2021-03-23_FCRN_A_Yang-Lab-Dell4_2021-05-14 15-57-34.179669_300epochs,batch47-fcrn-small-dataset-switch-loss-pixel-wise-to-egg-count-at-150\task5-robert-errors,4.625543586017255
egg-fullsize-pt-presample-compare-2021-03-23_FCRN_A_Yang-Lab-Dell4_2021-05-15 05-38-05.716798_300epochs,batch47-fcrn-small-dataset-switch-loss-pixel-wise-to-egg-count-at-150\task5-robert-errors,2.758634447088357
egg-fullsize-pt-presample-compare-2021-03-23_FCRN_A_Yang-Lab-Dell3_2021-05-14 22-30-33.166805_300epochs,batch47-fcrn-small-dataset-switch-loss-pixel-wise-to-egg-count-at-150\task5-robert-errors,4.250486873858989
egg-fullsize-pt-presample-compare-2021-03-23_FCRN_A_Yang-Lab-Dell8_2021-05-15 13-11-10.540401_300epochs,batch47-fcrn-small-dataset-switch-loss-pixel-wise-to-egg-count-at-150\task5-robert-errors,5.170247096187882
egg-fullsize-pt-presample-compare-2021-03-23_FCRN_A_Yang-Lab-Dell4_2021-05-14 22-48-13.541459_300epochs,batch47-fcrn-small-dataset-switch-loss-pixel-wise-to-egg-count-at-150\task5-robert-errors,4.0324937897823725
egg-fullsize-pt-presample-compare-2021-03-23_FCRN_A_Yang-Lab-Dell8_2021-05-14 18-15-26.954596_300epochs,batch47-fcrn-small-dataset-switch-loss-pixel-wise-to-egg-count-at-150\task5-robert-errors,4.593757809414109
egg-fullsize-pt-presample-compare-2021-03-23_FCRN_A_Yang-Lab-Dell3_2021-05-15 18-01-30.732709_300epochs,batch47-fcrn-small-dataset-switch-loss-pixel-wise-to-egg-count-at-150\task5-robert-errors,4.319081076489965
egg-fullsize-pt-presample-compare-2021-03-23_FCRN_A_NZXT-U_2021-05-14 23-04-08.611455_300epochs,batch47-fcrn-small-dataset-switch-loss-pixel-wise-to-egg-count-at-150\task5-robert-errors,3.4797090346092454
egg-fullsize-pt-presample-compare-2021-03-23_FCRN_A_NZXT-U_2021-05-15 13-18-50.736766_300epochs,batch47-fcrn-small-dataset-switch-loss-pixel-wise-to-egg-count-at-150\task5-robert-errors,4.118988160501487
egg-fullsize-pt-presample-compare-2021-03-23_FCRN_A_Yang-Lab-Dell3_2021-05-14 15-57-07.066598_300epochs,batch47-fcrn-small-dataset-switch-loss-pixel-wise-to-egg-count-at-150\task5-robert-errors,5.280996128987747
egg-fullsize-pt-presample-compare-2021-03-23_FCRN_A_NZXT-U_2021-05-14 15-55-01.098680_300epochs,batch47-fcrn-small-dataset-switch-loss-pixel-wise-to-egg-count-at-150\task5-robert-errors,4.256679032346356
egg-fullsize-pt-presample-compare-2021-03-23_FCRN_A_Yang-Lab-Dell2_2021-05-14 15-56-42.968345_300epochs,batch47-fcrn-small-dataset-switch-loss-pixel-wise-to-egg-count-at-150\task5-robert-errors,5.22727607308469
egg-fullsize-pt-presample-compare-2021-03-23_FCRN_A_Yang-Lab-Dell8_2021-05-15 03-44-29.848513_300epochs,batch47-fcrn-small-dataset-switch-loss-pixel-wise-to-egg-count-at-150\task5-robert-errors,5.140383452062565
egg-fullsize-pt-presample-compare-2021-03-23_FCRN_A_NZXT-U_2021-05-15 06-10-53.845147_300epochs,batch47-fcrn-small-dataset-switch-loss-pixel-wise-to-egg-count-at-150\task5-robert-errors,4.309897480333765
egg-fullsize-pt-presample-compare-2021-03-23_FCRN_A_Yang-Lab-Dell4_2021-05-15 12-27-43.012204_300epochs,batch47-fcrn-small-dataset-switch-loss-pixel-wise-to-egg-count-at-150\task5-robert-errors,3.1293123018122433
egg-fullsize-pt-presample-compare-2021-03-23_FCRN_A_Yang-Lab-Dell8_2021-05-15 06-06-42.480723_300epochs,batch47-fcrn-small-dataset-switch-loss-pixel-wise-to-egg-count-at-150\task5-robert-errors,6.181678720213714
egg-fullsize-pt-presample-compare-2021-03-23_FCRN_A_Yang-Lab-Dell8_2021-05-15 10-49-07.271012_300epochs,batch47-fcrn-small-dataset-switch-loss-pixel-wise-to-egg-count-at-150\task5-robert-errors,4.452048700325301
egg-fullsize-pt-presample-compare-2021-03-23_FCRN_A_Yang-Lab-Dell3_2021-05-15 05-00-08.618571_300epochs,batch47-fcrn-small-dataset-switch-loss-pixel-wise-to-egg-count-at-150\task5-robert-errors,4.222613202080958
egg-fullsize-pt-presample-compare-2021-03-23_FCRN_A_Yang-Lab-Dell3_2021-05-15 11-29-45.694887_300epochs,batch47-fcrn-small-dataset-switch-loss-pixel-wise-to-egg-count-at-150\task5-robert-errors,3.3201962587366802
egg-fullsize-pt-presample-compare-2021-03-23_FCRN_A_Yang-Lab-Dell8_2021-05-14 20-38-20.802554_300epochs,batch47-fcrn-small-dataset-switch-loss-pixel-wise-to-egg-count-at-150\task5-robert-errors,4.6379953551358675
egg-fullsize-pt-presample-compare-2021-03-23_FCRN_A_Yang-Lab-Dell8_2021-05-15 08-27-40.098410_300epochs,batch47-fcrn-small-dataset-switch-loss-pixel-wise-to-egg-count-at-150\task5-robert-errors,4.710836749427963
egg-fullsize-pt-presample-compare-2021-03-23_FCRN_A_Yang-Lab-Dell8_2021-05-15 01-22-29.377197_300epochs,batch47-fcrn-small-dataset-switch-loss-pixel-wise-to-egg-count-at-150\task5-robert-errors,3.286056715031331
egg-fullsize-pt-presample-compare-2021-03-23_FCRN_A_Yang-Lab-Dell4_2021-05-17 11-37-13.736171_300epochs,batch46-fcrn-small-dataset-pixel-wise-loss-function\task5-robert-errors,6.356574650039766
egg-fullsize-pt-presample-compare-2021-03-23_FCRN_A_Yang-Lab-Dell8_2021-05-18 02-53-45.272420_300epochs,batch46-fcrn-small-dataset-pixel-wise-loss-function\task5-robert-errors,4.610982542767762
egg-fullsize-pt-presample-compare-2021-03-23_FCRN_A_Yang-Lab-Dell2_2021-05-17 11-35-13.215742_300epochs,batch46-fcrn-small-dataset-pixel-wise-loss-function\task5-robert-errors,6.75791675322462
egg-fullsize-pt-presample-compare-2021-03-23_FCRN_A_Yang-Lab-Dell8_2021-05-17 12-48-29.668848_300epochs,batch46-fcrn-small-dataset-pixel-wise-loss-function\task5-robert-errors,6.065488915264322
egg-fullsize-pt-presample-compare-2021-03-23_FCRN_A_NZXT-U_2021-05-17 18-16-19.031964_300epochs,batch46-fcrn-small-dataset-pixel-wise-loss-function\task5-robert-errors,5.131244930747401
egg-fullsize-pt-presample-compare-2021-03-23_FCRN_A_Yang-Lab-Dell8_2021-05-17 17-42-47.906560_300epochs,batch46-fcrn-small-dataset-pixel-wise-loss-function\task5-robert-errors,5.596692037109977
egg-fullsize-pt-presample-compare-2021-03-23_FCRN_A_Yang-Lab-Dell8_2021-05-18 07-29-11.476478_300epochs,batch46-fcrn-small-dataset-pixel-wise-loss-function\task5-robert-errors,4.168220320607416
egg-fullsize-pt-presample-compare-2021-03-23_FCRN_A_Yang-Lab-Dell8_2021-05-17 20-00-28.213058_300epochs,batch46-fcrn-small-dataset-pixel-wise-loss-function\task5-robert-errors,7.769341672358439
egg-fullsize-pt-presample-compare-2021-03-23_FCRN_A_Yang-Lab-Dell8_2021-05-18 00-35-41.079714_300epochs,batch46-fcrn-small-dataset-pixel-wise-loss-function\task5-robert-errors,6.295584053818022
egg-fullsize-pt-presample-compare-2021-03-23_FCRN_A_Yang-Lab-Dell4_2021-05-17 18-18-47.950849_300epochs,batch46-fcrn-small-dataset-pixel-wise-loss-function\task5-robert-errors,5.1769732605564025
egg-fullsize-pt-presample-compare-2021-03-23_FCRN_A_Yang-Lab-Dell3_2021-05-17 18-01-59.460720_300epochs,batch46-fcrn-small-dataset-pixel-wise-loss-function\task5-robert-errors,4.468838509469697
egg-fullsize-pt-presample-compare-2021-03-23_FCRN_A_NZXT-U_2021-05-18 01-21-02.823911_300epochs,batch46-fcrn-small-dataset-pixel-wise-loss-function\task5-robert-errors,5.740512598422718
egg-fullsize-pt-presample-compare-2021-03-23_FCRN_A_Yang-Lab-Dell4_2021-05-18 01-00-38.680542_300epochs,batch46-fcrn-small-dataset-pixel-wise-loss-function\task5-robert-errors,6.081566220900139
egg-fullsize-pt-presample-compare-2021-03-23_FCRN_A_Yang-Lab-Dell8_2021-05-17 10-30-07.031267_300epochs,batch46-fcrn-small-dataset-pixel-wise-loss-function\task5-robert-errors,4.767010063906014
egg-fullsize-pt-presample-compare-2021-03-23_FCRN_A_Yang-Lab-Dell3_2021-05-18 00-28-55.613422_300epochs,batch46-fcrn-small-dataset-pixel-wise-loss-function\task5-robert-errors,5.129976637716446
egg-fullsize-pt-presample-compare-2021-03-23_FCRN_A_Yang-Lab-Dell8_2021-05-18 05-11-36.496880_300epochs,batch46-fcrn-small-dataset-pixel-wise-loss-function\task5-robert-errors,4.7970868610822786
egg-fullsize-pt-presample-compare-2021-03-23_FCRN_A_Yang-Lab-Dell8_2021-05-17 15-12-44.661159_300epochs,batch46-fcrn-small-dataset-pixel-wise-loss-function\task5-robert-errors,4.0440163841187085
egg-fullsize-pt-presample-compare-2021-03-23_FCRN_A_Yang-Lab-Dell8_2021-05-17 22-18-00.339620_300epochs,batch46-fcrn-small-dataset-pixel-wise-loss-function\task5-robert-errors,4.161908433901727
egg-fullsize-pt-presample-compare-2021-03-23_FCRN_A_NZXT-U_2021-05-17 11-12-13.271174_300epochs,batch46-fcrn-small-dataset-pixel-wise-loss-function\task5-robert-errors,6.739939424386174
